name,phone,email,date
jOhN dOe,(202) 555-0143,John.Doe@Example.com,2023-01-15
ALICE SMITH,+44 20 7946 0919,ALICE.SMITH@COMPANY.CO.UK,12/05/2022
jonathan smith,415-555-2671,jsmith@sample.org,"Oct 4, 2021"
Johnathan Smith,+1 415 555 2671,,2021.10.04
mArY jAnE,3125550188,mary.jane@domain.com,15-Apr-2019
ALEXANDER HAMILTON,"+1 (212) 555-0199",ahamilton@treasury.gov,2024/02/29
Alex Hamilton,212-555-0199,,"Feb 29, 2024"
catherine brown,+33 1 42 68 55 55,cbrown@service.fr,"March 14, 2023"
Katherine Brown,+33 1 42 68 55 55,KATHERINE.BROWN@SERVICE.FR,2023-03-14
bObBY fIsChEr,213-555-0177,,07/04/2020
ELEANOR ROOSEVELT,+1-202-555-0164,eleanor@whitehouse.org,1933-03-04
victor von doom,+49 30 123456,doom@latveria.net,11/18/2022
